{
  "_id": "5eb2ffdbba64715abbb423b4",
  "Coin": 12.7,
  "date": "2020-05-06T18:20:11.323Z",
  "item": "Purchase VIP: Gold Pack",
  "user": {
    "id": "5eb2fe28ba64715abbb423b3",
    "name": "Uchiha Itachi",
    "age": 20,
    "address": "Akatsuki",
    "payment_Method": "Momo",
    "payment_Code": "123456"
  },
  "Wallet": {
    "Owner_Name": "Uchiha Itachi",
    "Wallet_id": "5eb3a23e37b4880f91a0932e"
  }
},
{
  "_id": "5eb2ffeaba64715abbb423b5",
  "Coin": "12.7",
  "date": "2020-05-11T03:18:24.000Z",
  "item": "Purchase song: Can we kiss forever",
  "user": {
    "id": "5eb2fe28ba64715abbb423b1",
    "name": "Uchiha Obito",
    "age": 22,
    "address": "497 hoa hoa...",
    "payment_Method": "Momo",
    "payment_Code": "123"
  },
  "Wallet": {
    "Wallet_Owner": "Uchiha Obito",
    "Wallet_id": "5eb3a23e37b4880f91a0932c"
  }
},
